{"agkistrodon_contortrix":[-97.66419,28.49747,-69.927498,42.718605],"agkistrodon_piscivorus":[-101.156817,27.394692,-75.461113,38.570494],"crotalus_adamanteus":[-90.659587,24.520416,-76.166218,35.251354],"crotalus_atrox":[-116.685392,16.099967,-91.719918,38.814102],"crotalus_cerastes":[-118.571051,27.839167,-110.00664,37.848411],"crotalus_cerberus":[-114.301663,31.934654,-107.597286,35.656764],"crotalus_concolor":[-112.210756,37.020633,-107.520136,42.175235],"crotalus_helleri":[-120.672348,27.500701,-113.03478,35.0585],"crotalus_horridus":[-98.650193,27.503783,-69.927498,45.436043],"crotalus_lepidus":[-111.078304,20.469959,-99.139181,34.243814],"crotalus_lutosus":[-121.309114,35.731943,-110.696977,45.800842],"crotalus_mitchellii":[-113.162443,22.870417,-109.412918,27.691231],"crotalus_molossus":[-114.737057,16.478973,-96.194051,36.498178],"crotalus_oreganus":[-124.415001,34.629944,-115.780456,51.249027],"crotalus_pricei":[-110.94716,22.332399,-99.395525,32.791381],"crotalus_pyrrhus":[-117.970725,27.854648,-111.616479,37.401818],"crotalus_ruber":[-118.205523,22.870417,-109.412918,34.193979],"crotalus_scutulatus":[-118.788166,18.134653,-97.189151,37.674261],"crotalus_stephensi":[-118.730629,34.789321,-114.825804,38.608951],"crotalus_tigris":[-113.236628,26.304543,-108.603339,34.262503],"crotalus_viridis":[-115.680841,28.052212,-95.776835,52.401286],"crotalus_willardi":[-110.968678,21.878021,-102.899981,31.878953],"sistrurus_catenatus":[-92.857715,38.407265,-75.779509,46.385779],"sistrurus_miliarius":[-98.242896,25.077639,-75.500747,37.650567],"sistrurus_tergeminus":[-110.068424,25.747369,-92.479617,41.409091]}
